ad_id,title,city,description,education_level,salary,published_day_label,published_time,listing_type,source_page,url,scraped_at
10358828,إعلان عن توظيف 50 عاملا فلاحيا – مراكش,Marrakech,,Pas important,A discuter,,,premium,1,https://www.marocannonces.com/categorie/309/Offres-emploi/annonce/10358828/إعلان-عن-توظيف-50-عاملا-فلاحيا-–-مراكش.html,2026-04-12T23:56:31
10352256,Messagerie & transport / casablanca,Tout le Maroc,,Bac+2,A discuter,,,premium,1,https://www.marocannonces.com/categorie/309/Offres-emploi/annonce/10352256/Messagerie-et-transport-casablanca.html,2026-04-12T23:56:31
10355885,Enseignante de françai/ arabe/mathématiques,Casablanca,Groupe scolaire de renommée recrute des éducatrices de...,Bac+3,A discuter,Aujourd'hui,23:45,standard,1,https://www.marocannonces.com/categorie/309/Offres-emploi/annonce/10355885/Enseignante-de-françai-arabemathématiques.html,2026-04-12T23:56:31
10359948,Chef pâtissier – casablanca,Casablanca,Nous sommes à la recherche d’un chef pâtissier talentueux...,Bac+2,A discuter,Aujourd'hui,23:35,standard,1,https://www.marocannonces.com/categorie/309/Offres-emploi/annonce/10359948/Chef-Pâtissier-–-Casablanca.html,2026-04-12T23:56:31
10359947,Bagagiste – casablanca,Casablanca,Nous sommes à la recherche d’un bagagiste dynamique et...,Pas important,A discuter,Aujourd'hui,23:35,standard,1,https://www.marocannonces.com/categorie/309/Offres-emploi/annonce/10359947/Bagagiste-–-Casablanca.html,2026-04-12T23:56:31
10349715,Notaire à marrakech recrute réceptionniste,Marrakech,étude notariale basée à marrakech recrute deux chargées...,,,Aujourd'hui,23:15,standard,1,https://www.marocannonces.com/categorie/309/Offres-emploi/annonce/10349715/Notaire-à-Marrakech-recrute-réceptionniste.html,2026-04-12T23:56:31
10356650,Commercial terrain,Rabat,"Dans le cadre du développement de nos activités, nous...",Pas important,A discuter,Aujourd'hui,23:10,standard,1,https://www.marocannonces.com/categorie/309/Offres-emploi/annonce/10356650/Commercial-Terrain.html,2026-04-12T23:56:31
10350975,Assistante technique et administratif,Temara,Entreprise de travaux bâtiment cherche une assistante...,Bac+2,A discuter,Aujourd'hui,23:10,standard,1,https://www.marocannonces.com/categorie/309/Offres-emploi/annonce/10350975/Assistante-technique-et-administratif.html,2026-04-12T23:56:31
10352606,Directeur administratif et financier - immobilier,Casablanca,Directeur administratif et financier (daf) sénior...,Bac+5,A discuter,,,standard,1,https://www.marocannonces.com/categorie/309/Offres-emploi/annonce/10352606/Directeur-Administratif-et-Financier-Immobilier.html,2026-04-12T23:56:31
10359886,Assistante administrative - cabinet dentaire,Casablanca,Recrutement – assistante administrative & commerciale...,,,,,standard,1,https://www.marocannonces.com/categorie/309/Offres-emploi/annonce/10359886/assistante-administrative-cabinet-dentaire.html,2026-04-12T23:56:31
10358960,Chef atelier mécanique (mission de 6 mois),Casablanca,Nous recrutons pour notre client qui opère dans le...,Bac+5,A discuter,,,standard,1,https://www.marocannonces.com/categorie/309/Offres-emploi/annonce/10358960/Chef-atelier-mécanique-(mission-de-6-mois).html,2026-04-12T23:56:31
10359854,Contrôleur de gestion senior,Casablanca,"Nous recrutons pour le compte de notre client, acteur de...",Bac+5,A discuter,,,standard,1,https://www.marocannonces.com/categorie/309/Offres-emploi/annonce/10359854/Contrôleur-de-Gestion-senior.html,2026-04-12T23:56:31
10351723,Notaire à marrakech recrute plusieurs juristes,Marrakech,étude notariale basée à marrakech recrute des juristes....,,,Aujourd'hui,22:40,standard,1,https://www.marocannonces.com/categorie/309/Offres-emploi/annonce/10351723/Notaire-à-Marrakech-recrute-plusieurs-juristes.html,2026-04-12T23:56:31
10357469,Responsable administrative,Casablanca,Nous recrutons une responsable administrative sur casa...,Bac+2,A discuter,Aujourd'hui,22:25,standard,1,https://www.marocannonces.com/categorie/309/Offres-emploi/annonce/10357469/Responsable-administrative.html,2026-04-12T23:56:31
10355824,Secrétaire ouassistante de direction,Casablanca,Nous recherchons une secrétaire pour un cdi au sein de...,Bac+2,4 000 - 6 000 dh,Aujourd'hui,21:50,standard,1,https://www.marocannonces.com/categorie/309/Offres-emploi/annonce/10355824/Secrétaire-ouassistante-de-direction.html,2026-04-12T23:56:31
10357459,Gérant ferme oléicole - region marrakech,Marrakech,Dans le cadre de la gestion et du développement de notre...,Bac+3,A discuter,Aujourd'hui,21:30,standard,1,https://www.marocannonces.com/categorie/309/Offres-emploi/annonce/10357459/Gérant-ferme-oléicole-region-marrakech.html,2026-04-12T23:56:31
10358913,Comptable opérationnel h/f,Marrakech,Dans le cadre du développement de notre société basée à...,Bac+2,A discuter,Aujourd'hui,19:45,standard,1,https://www.marocannonces.com/categorie/309/Offres-emploi/annonce/10358913/Comptable-opérationnel-HF.html,2026-04-12T23:56:31
10356545,Responsable be / prod. d'habilement,Guercif,1. présentation du poste le responsable bureau d'étude...,Bac+3,,Aujourd'hui,19:35,standard,1,https://www.marocannonces.com/categorie/309/Offres-emploi/annonce/10356545/Responsable-BE-Prod-dHabilement.html,2026-04-12T23:56:31
10356543,Directeur commerciale,Casablanca,Dans le cadre du développement de nos activités dans le...,Bac+3,A discuter,Aujourd'hui,19:35,standard,1,https://www.marocannonces.com/categorie/309/Offres-emploi/annonce/10356543/DIRECTEUR-COMMERCIALE.html,2026-04-12T23:56:31
10352383,Mecanicien,Casablanca,"Fastpro, expert de l'entretien automobile de proximité,...",Niveau Bac,A discuter,Aujourd'hui,19:25,standard,1,https://www.marocannonces.com/categorie/309/Offres-emploi/annonce/10352383/MECANICIEN.html,2026-04-12T23:56:31
10359844,Merchandiser circuit traditionnel à casablanca,Casablanca,Nous sommes le leader dans le domaine de la distribution...,Bac+2,A discuter,Aujourd'hui,19:08,standard,1,https://www.marocannonces.com/categorie/309/Offres-emploi/annonce/10359844/Merchandiser-circuit-traditionnel-à-Casablanca.html,2026-04-12T23:56:31
10359846,Livreur gros à nador,Nador,Nous recrutons pour notre société un livreur gros basé à...,Bac+2,A discuter,Aujourd'hui,19:08,standard,1,https://www.marocannonces.com/categorie/309/Offres-emploi/annonce/10359846/Livreur-gros-à-Nador.html,2026-04-12T23:56:31
10359841,Aide livreur permis c à tetouan,Tetouan,Nous sommes à la recherche d'un aide livreur chauffeur de...,Niveau Bac,A discuter,Aujourd'hui,19:08,standard,2,https://www.marocannonces.com/categorie/309/Offres-emploi/annonce/10359841/Aide-livreur-permis-C-à-Tetouan.html,2026-04-12T23:56:31
10359838,Aide livreur permis c à casablanca,Casablanca,Nous sommes à la recherche d'un aide livreur chauffeur de...,Niveau Bac,A discuter,Aujourd'hui,19:08,standard,2,https://www.marocannonces.com/categorie/309/Offres-emploi/annonce/10359838/Aide-livreur-permis-C-à-Casablanca.html,2026-04-12T23:56:31
10359837,Aide vendeur à nador avec permis c,Nador,Nous sommes à la recherche d'un aide vendeur chauffeur de...,Niveau Bac,A discuter,Aujourd'hui,19:06,standard,2,https://www.marocannonces.com/categorie/309/Offres-emploi/annonce/10359837/Aide-vendeur-à-Nador-avec-permis-C.html,2026-04-12T23:56:31
10359835,Pré vendeur détail à casablanca,Casablanca,"Dans le cadre du renforcement de notre force de vente,...",Bac+2,A discuter,Aujourd'hui,19:06,standard,2,https://www.marocannonces.com/categorie/309/Offres-emploi/annonce/10359835/Pré-vendeur-détail-à-Casablanca.html,2026-04-12T23:56:31
10359806,Femme de ménage,Temara,"Bonjour, nous recrutons une femme de ménage à temara...",,,,,standard,2,https://www.marocannonces.com/categorie/309/Offres-emploi/annonce/10359806/Femme-de-ménage.html,2026-04-12T23:56:31
10353945,Assistance technique,Tout le Maroc,Vous avez le sens du contact et souhaitez rejoindre une...,Pas important,A discuter,Aujourd'hui,18:45,standard,2,https://www.marocannonces.com/categorie/309/Offres-emploi/annonce/10353945/Assistance-technique.html,2026-04-12T23:56:31
10350820,Chauffeur anglophone,Casablanca,Nous recherchons un chauffeur expérimenté et anglophone...,Pas important,4 000 - 6 000 dh,,,standard,2,https://www.marocannonces.com/categorie/309/Offres-emploi/annonce/10350820/Chauffeur-anglophone.html,2026-04-12T23:56:31
10356522,Assistante comptable/commerciale,Casablanca,Nous recrutons une assistante polyvalente avec un minimum...,Bac+2,A discuter,Aujourd'hui,18:00,standard,2,https://www.marocannonces.com/categorie/309/Offres-emploi/annonce/10356522/Assistante-ComptableCommerciale.html,2026-04-12T23:56:31
10350818,Designer 3d (3ds max),Rabat,"Dans le cadre du développement de nos activités, nous...",Bac+4,A discuter,,,standard,2,https://www.marocannonces.com/categorie/309/Offres-emploi/annonce/10350818/Designer-3D-(3Ds-Max).html,2026-04-12T23:56:31
10353926,Commercial terrain - casablanca - besoin immédiat,Casablanca,وفر هي شركة توفر خدمات رقمية لأصحاب المحلات التجارية و...,Pas important,A discuter,Aujourd'hui,17:55,standard,2,https://www.marocannonces.com/categorie/309/Offres-emploi/annonce/10353926/Commercial-terrain-Casablanca-Besoin-immédiat.html,2026-04-12T23:56:31
10350816,Video editeur,Agadir,Nous sommes a ait melloul agadir a la recherche d'un/e...,Pas important,2 000 - 3 000 dh,Aujourd'hui,17:50,standard,2,https://www.marocannonces.com/categorie/309/Offres-emploi/annonce/10350816/Video-editeur.html,2026-04-12T23:56:31
10358118,Commercial/responsables centre/directeur pédagogiq,Tanger,Nous recrutons pour le compte de notre centre de...,Bac+3,A discuter,Aujourd'hui,17:45,standard,2,https://www.marocannonces.com/categorie/309/Offres-emploi/annonce/10358118/CommercialResponsables-centreDirecteur-pédagogiq.html,2026-04-12T23:56:31
10352355,Responsable financier,Agadir,Nous sommes une entreprise spécialisée en production...,Bac+5,A discuter,Aujourd'hui,17:45,standard,2,https://www.marocannonces.com/categorie/309/Offres-emploi/annonce/10352355/RESPONSABLE-FINANCIER.html,2026-04-12T23:56:31
10353194,Controle / verfication / comptabilite / fes,Fès,Offre d’emploi : assistant(e) comptable nous sommes à...,Bac+2,A discuter,Aujourd'hui,17:40,standard,2,https://www.marocannonces.com/categorie/309/Offres-emploi/annonce/10353194/Controle-verfication-comptabilite-fes.html,2026-04-12T23:56:31
10353190,Recrutement textile – modéliste/ styliste /coupeur,Casablanca,- offre d’emploi – société de prêt-à-porter féminin...,Niveau Bac,A discuter,Aujourd'hui,17:40,standard,2,https://www.marocannonces.com/categorie/309/Offres-emploi/annonce/10353190/Recrutement-Textile-–-Modéliste-Styliste-Coupeur.html,2026-04-12T23:56:31
10358853,Technicien qualité (h/f),Tanger,- tanger | - cdi | - temps plein rejoignez slts !...,Bac+2,A discuter,Aujourd'hui,17:35,standard,2,https://www.marocannonces.com/categorie/309/Offres-emploi/annonce/10358853/Technicien-Qualité-(HF).html,2026-04-12T23:56:31
10358849,Ingenieur genie civile et vrd,Casablanca,Réaliser les études techniques et les calculs de...,Bac+5,A discuter,,,standard,2,https://www.marocannonces.com/categorie/309/Offres-emploi/annonce/10358849/INGENIEUR-GENIE-CIVILE-ET-VRD.html,2026-04-12T23:56:31
10358848,Un(e) assistant(e) administratif(ve) & commercial,Tanger,"En accompagnement de son développement, notre cabinet...",Bac+5,A discuter,Aujourd'hui,17:35,standard,3,https://www.marocannonces.com/categorie/309/Offres-emploi/annonce/10358848/un(e)-Assistant(e)-Administratif(ve)-et-Commercial.html,2026-04-12T23:56:31
10356502,Candidature dessinatrice projeteuse,Casablanca,Relief architecture – recrute une dessinatrice projeteuse...,Pas important,A discuter,Aujourd'hui,17:35,standard,3,https://www.marocannonces.com/categorie/309/Offres-emploi/annonce/10356502/Candidature-Dessinatrice-Projeteuse.html,2026-04-12T23:56:31
10359759,Planificateur de transport à casablanca,Casablanca,Dans le cadre du renforcement de notre service...,Bac+5,A discuter,,,standard,3,https://www.marocannonces.com/categorie/309/Offres-emploi/annonce/10359759/Planificateur-de-transport-à-Casablanca.html,2026-04-12T23:56:31
10359758,Aide chauffeur c مساعد سائق à martil - tetouan,Tetouan,"Dans le cadre de notre développement, nous recrutons un...",Pas important,A discuter,,,standard,3,https://www.marocannonces.com/categorie/309/Offres-emploi/annonce/10359758/Aide-chauffeur-C-مساعد-سائق-à-Martil-Tetouan.html,2026-04-12T23:56:31
10359756,Stagiaire pfe- marketing/ graphiste – ain sebaa -,Casablanca,Nous sommes une société spécialisée dans le transport et...,Bac+3,A discuter,,,standard,3,https://www.marocannonces.com/categorie/309/Offres-emploi/annonce/10359756/Stagiaire-PFE-Marketing-Graphiste-–-Ain-Sebaa.html,2026-04-12T23:56:31
10359755,Coordinateur qhse (h/f)/ ain sbaa casablanca,Casablanca,"Société spécialisée dans le transport et la messagerie,...",Bac+3,A discuter,,,standard,3,https://www.marocannonces.com/categorie/309/Offres-emploi/annonce/10359755/COORDINATEUR-QHSE-(HF)-Ain-Sbaa-Casablanca.html,2026-04-12T23:56:31
10359762,Préparateur de commandes à tit mellil - mediouna,Mediouna,"Dans le cadre du renforcement de notre équipe logistique,...",Niveau Bac,A discuter,,,standard,3,https://www.marocannonces.com/categorie/309/Offres-emploi/annonce/10359762/Préparateur-de-commandes-à-Tit-Mellil-Mediouna.html,2026-04-12T23:56:31
10359753,Technicien froid industriel (bouskoura),Casablanca,Les principales missions seront les suivantes : •...,Bac+2,A discuter,,,standard,3,https://www.marocannonces.com/categorie/309/Offres-emploi/annonce/10359753/Technicien-Froid-Industriel-(BOUSKOURA).html,2026-04-12T23:56:31
10359761,Chauffeur solo - permis c - casablanca,Casablanca,"Bonjour, notre entreprise spécialisée dans la...",Pas important,A discuter,,,standard,3,https://www.marocannonces.com/categorie/309/Offres-emploi/annonce/10359761/Chauffeur-SOLO-permis-C-Casablanca.html,2026-04-12T23:56:31
10355686,Responsable administratif et financier,Tanger,"Dans le cadre de notre développement, nous recrutons un...",Bac+5,A discuter,Aujourd'hui,17:25,standard,3,https://www.marocannonces.com/categorie/309/Offres-emploi/annonce/10355686/Responsable-Administratif-et-Financier.html,2026-04-12T23:56:31
10353181,Assistant(e) commercial(e),Casablanca,Nous recrutons un(e) assistant(e) commercial(e) dans...,Bac+3,A discuter,Aujourd'hui,17:25,standard,3,https://www.marocannonces.com/categorie/309/Offres-emploi/annonce/10353181/Assistant(e)-Commercial(e).html,2026-04-12T23:56:31
10353901,Magasinier (h),Casablanca,Société opérante dans le secteur agroalimentaire recrute...,Bac+2,A discuter,Aujourd'hui,17:20,standard,3,https://www.marocannonces.com/categorie/309/Offres-emploi/annonce/10353901/MAGASINIER-(H).html,2026-04-12T23:56:31
10353900,Ingenieur commercial biomedical /ophtalmologie,Casablanca,Lieu : casablanca et région dans le cadre du...,Bac+3,A discuter,Aujourd'hui,17:20,standard,3,https://www.marocannonces.com/categorie/309/Offres-emploi/annonce/10353900/INGENIEUR-COMMERCIAL-BIOMEDICAL-OPHTALMOLOGIE.html,2026-04-12T23:56:31
10352243,Assistante commerciale,Casablanca,"Société spécialisée en dératisation, désinsectisation et...",Bac+2,3 000 - 4 000 dh,Aujourd'hui,17:20,standard,3,https://www.marocannonces.com/categorie/309/Offres-emploi/annonce/10352243/Assistante-commerciale.html,2026-04-12T23:56:31
10353897,Delegue medical,Casablanca,Lieu : casablanca et région dans le cadre du...,Bac+2,4 000 - 6 000 dh,Aujourd'hui,17:10,standard,3,https://www.marocannonces.com/categorie/309/Offres-emploi/annonce/10353897/DELEGUE-MEDICAL.html,2026-04-12T23:56:31
10350793,Developpeur ia,Agadir,Nous somme a ait melloul agadir a la recherche d'un/e...,Bac+2,3 000 - 4 000 dh,Aujourd'hui,17:10,standard,3,https://www.marocannonces.com/categorie/309/Offres-emploi/annonce/10350793/developpeur-IA.html,2026-04-12T23:56:31
10358827,Chauffeur permis ec avec expérience tanger/kénitra,Kénitra,"Nous recrutons, pour notre société de transport et...",Niveau Bac,A discuter,Aujourd'hui,17:00,standard,3,https://www.marocannonces.com/categorie/309/Offres-emploi/annonce/10358827/Chauffeur-Permis-EC-avec-Expérience-TangerKénitra.html,2026-04-12T23:56:31
10355652,Commerciaux débutants/ agents logistiques,Casablanca,Nous recrutons pour notre société les profils suivants:...,Bac+3,A discuter,Aujourd'hui,17:00,standard,3,https://www.marocannonces.com/categorie/309/Offres-emploi/annonce/10355652/Commerciaux-débutants-Agents-logistiques.html,2026-04-12T23:56:31
10355651,Responsable marketing et communication interne,Tanger,Nous recrutons un responsable marketing &...,Bac+5,A discuter,Aujourd'hui,17:00,standard,3,https://www.marocannonces.com/categorie/309/Offres-emploi/annonce/10355651/Responsable-Marketing-et-Communication-Interne.html,2026-04-12T23:56:31
10355647,Assistante administrative polyvalente,Settat,Détails de l'emploi lieu settat description du poste...,Bac+4,3 000 - 4 000 dh,Aujourd'hui,17:00,standard,3,https://www.marocannonces.com/categorie/309/Offres-emploi/annonce/10355647/Assistante-administrative-polyvalente.html,2026-04-12T23:56:31
10352300,Agent de comptoir,Casablanca,"Fastpro, centre spécialisé en entretien automobile,...",Bac+2,A discuter,Aujourd'hui,17:00,standard,4,https://www.marocannonces.com/categorie/309/Offres-emploi/annonce/10352300/AGENT-DE-COMPTOIR.html,2026-04-12T23:56:31
10352251,Technico commercial pdr,Casablanca,"Dans le cadre de notre développement, foramag, acteur de...",Bac+3,6 000 - 8 000 dh,Aujourd'hui,17:00,standard,4,https://www.marocannonces.com/categorie/309/Offres-emploi/annonce/10352251/Technico-commercial-pdr.html,2026-04-12T23:56:31
10355197,Chef comptable,Marrakech,Profil chef comptable capable de gérer une équipe de 10...,Bac+4,4 000 - 6 000 dh,Aujourd'hui,16:55,standard,4,https://www.marocannonces.com/categorie/309/Offres-emploi/annonce/10355197/Chef-comptable.html,2026-04-12T23:56:31
10353866,Assistante francophone – relation client,Rabat,Nous recherchons une assistante francophone pour assurer...,Bac+2,A discuter,Aujourd'hui,16:45,standard,4,https://www.marocannonces.com/categorie/309/Offres-emploi/annonce/10353866/Assistante-Francophone-–-Relation-Client.html,2026-04-12T23:56:31
10355620,Technicien avant vente audiovisuel,Casablanca,"Dans le cadre du développement de notre activité, nous...",Bac+2,A discuter,Aujourd'hui,16:40,standard,4,https://www.marocannonces.com/categorie/309/Offres-emploi/annonce/10355620/Technicien-Avant-vente-Audiovisuel.html,2026-04-12T23:56:31
10350763,Assistant(e) commercial(e) – casablanca /ain chock,Casablanca,"Société mokabrend, spécialisée dans l’agroalimentaire,...",Bac+2,4 000 - 6 000 dh,Aujourd'hui,16:35,standard,4,https://www.marocannonces.com/categorie/309/Offres-emploi/annonce/10350763/Assistant(e)-Commercial(e)-–-Casablanca-Ain-Chock.html,2026-04-12T23:56:31
10350758,Assistant marketing -offre de stage rÉmunÉrÉ,Marrakech,"Nous recherchons un(e) stagiaire motivé(e), organisé(e)...",,,Aujourd'hui,16:35,standard,4,https://www.marocannonces.com/categorie/309/Offres-emploi/annonce/10350758/Assistant-marketing-offre-de-stage-rÉmunÉrÉ.html,2026-04-12T23:56:31
10358043,Technicien en bâtiment ou en topographie,Casablanca,Société d'expertise et d'évaluation immobilière cherche...,Bac+2,A discuter,Aujourd'hui,16:25,standard,4,https://www.marocannonces.com/categorie/309/Offres-emploi/annonce/10358043/Technicien-en-bâtiment-ou-en-topographie.html,2026-04-12T23:56:31
10358034,Ingenieur genie civile - comptable -comercial,Fès,Nous sommes une société basée sur fes a la recherche :...,Pas important,A discuter,Aujourd'hui,16:20,standard,4,https://www.marocannonces.com/categorie/309/Offres-emploi/annonce/10358034/Ingenieur-genie-civile-comptable-comercial.html,2026-04-12T23:56:31
10358033,Chef d’Équipe & magasinier & aide comptable (f),Casablanca,Omega textile maroc société basée à la zone industrielle...,Niveau Bac,A discuter,Aujourd'hui,16:20,standard,4,https://www.marocannonces.com/categorie/309/Offres-emploi/annonce/10358033/Chef-d’Équipe-et-Magasinier-et-Aide-Comptable-(F).html,2026-04-12T23:56:31
10357247,Comptable senior,Rabat,"Dans le cadre du renforcement de notre service comptable,...",Bac+5,A discuter,,,standard,4,https://www.marocannonces.com/categorie/309/Offres-emploi/annonce/10357247/COMPTABLE-SENIOR.html,2026-04-12T23:56:31
10357242,Offre d’emploi – comptable & aide comptable,Casablanca,"Dans le cadre du renforcement de notre équipe, nous...",Bac+3,,Aujourd'hui,16:20,standard,4,https://www.marocannonces.com/categorie/309/Offres-emploi/annonce/10357242/OFFRE-D’EMPLOI-–-COMPTABLE-et-AIDE-COMPTABLE.html,2026-04-12T23:56:31
10355607,Responsable administratif et financier,Rabat,"Dans le cadre de son développement, notre entreprise...",Bac+5,A discuter,,,standard,4,https://www.marocannonces.com/categorie/309/Offres-emploi/annonce/10355607/Responsable-Administratif-et-Financier.html,2026-04-12T23:56:31
10355595,Commercial audiovisuel,Tanger,"Dans le cadre du développement de notre activité, nous...",Bac+5,,Aujourd'hui,16:20,standard,4,https://www.marocannonces.com/categorie/309/Offres-emploi/annonce/10355595/Commercial-Audiovisuel.html,2026-04-12T23:56:31
10352143,Technicien en désinsectisation et dératisation,Casablanca,Présentation du poste nous recherchons des techniciens...,Niveau Bac,3 000 - 4 000 dh,Aujourd'hui,16:20,standard,4,https://www.marocannonces.com/categorie/309/Offres-emploi/annonce/10352143/Technicien-en-désinsectisation-et-dératisation.html,2026-04-12T23:56:31
10357232,Community manager,Rabat,- description du poste : dans le cadre de notre...,Bac+5,A discuter,,,standard,4,https://www.marocannonces.com/categorie/309/Offres-emploi/annonce/10357232/Community-Manager.html,2026-04-12T23:56:31
10355579,Commercial pour produits d'affichage dynamique,Tanger,"Dans le cadre du développement de notre activité, nous...",Bac+5,A discuter,Aujourd'hui,16:05,standard,4,https://www.marocannonces.com/categorie/309/Offres-emploi/annonce/10355579/Commercial-pour-Produits-daffichage-Dynamique.html,2026-04-12T23:56:31
10355578,Responsable promotion b2b – plateforme touristique,Casablanca,"En tant qu'agence de voyages, nous proposons une...",Bac+3,6 000 - 8 000 dh,,,standard,4,https://www.marocannonces.com/categorie/309/Offres-emploi/annonce/10355578/Responsable-promotion-B2B-–-Plateforme-touristique.html,2026-04-12T23:56:31
10353842,Informaticien,Nouaceur,"Bonjour nous sommes une société installée à sapino,...",Bac+2,A discuter,Aujourd'hui,16:05,standard,4,https://www.marocannonces.com/categorie/309/Offres-emploi/annonce/10353842/INFORMATICIEN.html,2026-04-12T23:56:31
10357226,Ingénieur climatisation & froid,Rabat,Description du poste : dans le cadre de notre...,Bac+5,A discuter,,,standard,4,https://www.marocannonces.com/categorie/309/Offres-emploi/annonce/10357226/Ingénieur-Climatisation-et-Froid.html,2026-04-12T23:56:31
10355568,Biologiste ou biomedical devenez audioprothesiste,Casablanca,Un métier d’avenir : devenez audioprothésiste avec notre...,Bac+3,4 000 - 6 000 dh,Aujourd'hui,15:55,standard,5,https://www.marocannonces.com/categorie/309/Offres-emploi/annonce/10355568/Biologiste-ou-biomedical-devenez-Audioprothesiste.html,2026-04-12T23:56:31
10351494,Responsable rh a berrchid,Casablanca,Nous recrutons un responsable ressources humaines de...,Bac+5,A discuter,Aujourd'hui,15:55,standard,5,https://www.marocannonces.com/categorie/309/Offres-emploi/annonce/10351494/RESPONSABLE-RH-A-BERRCHID.html,2026-04-12T23:56:31
10357225,Comptable confirmé(e) et assistante administrative,Casablanca,"Dans le cadre de notre développement, nous recrutons :...",Bac+3,A discuter,Aujourd'hui,15:50,standard,5,https://www.marocannonces.com/categorie/309/Offres-emploi/annonce/10357225/comptable-confirmé(e)-et-assistante-administrative.html,2026-04-12T23:56:31
10357218,Ingénieur d'état en Électricité,Rabat,"Dans le cadre de notre développement, nous recherchons un...",Bac+5,A discuter,,,standard,5,https://www.marocannonces.com/categorie/309/Offres-emploi/annonce/10357218/Ingénieur-détat-en-Électricité.html,2026-04-12T23:56:31
10357998,Directeur de promotion immobilière,Marrakech,Nous recherchons un directeur de promotion immobilière...,Bac+4,A discuter,Aujourd'hui,15:45,standard,5,https://www.marocannonces.com/categorie/309/Offres-emploi/annonce/10357998/Directeur-de-Promotion-Immobilière.html,2026-04-12T23:56:31
10356392,Commerciale showroom à socrate maarif,Casablanca,- profil recherché : femme avec expérience en décoration...,Pas important,3 000 - 4 000 dh,Aujourd'hui,15:45,standard,5,https://www.marocannonces.com/categorie/309/Offres-emploi/annonce/10356392/Commerciale-showroom-à-socrate-maarif.html,2026-04-12T23:56:31
10356385,"Technicien automatisme instrumentation, métrologie",Casablanca,"Société agro-industrielle, leader de son domaine...",Bac+2,A discuter,Aujourd'hui,15:45,standard,5,"https://www.marocannonces.com/categorie/309/Offres-emploi/annonce/10356385/Technicien-Automatisme-instrumentation,-Métrologie.html",2026-04-12T23:56:31
10350702,Infographiste (f),Nouaceur,Recrutement – infographiste nous recrutons une...,Bac+2,A discuter,Aujourd'hui,15:45,standard,5,https://www.marocannonces.com/categorie/309/Offres-emploi/annonce/10350702/Infographiste-(F).html,2026-04-12T23:56:31
10357205,Technico-commercial(e) – transport maritime,Tanger,- recrutement | technico-commercial(e) – transport...,Bac+3,A discuter,Aujourd'hui,15:40,standard,5,https://www.marocannonces.com/categorie/309/Offres-emploi/annonce/10357205/Technico-Commercial(e)-–-Transport-Maritime.html,2026-04-12T23:56:31
10356375,Comptable/manager hôtel/réceptionnistes,Rabat,"Nous sommes un groupe hôtelier situé à rabat agdal, et...",Bac+3,A discuter,Aujourd'hui,15:40,standard,5,https://www.marocannonces.com/categorie/309/Offres-emploi/annonce/10356375/ComptableManager-hôtelRéceptionnistes.html,2026-04-12T23:56:31
10355534,Responsable administratif et financier (h/f),Mohammedia,Offre d’emploi : responsable administratif et financier...,Bac+5,A discuter,Aujourd'hui,15:35,standard,5,https://www.marocannonces.com/categorie/309/Offres-emploi/annonce/10355534/Responsable-Administratif-et-Financier-(HF).html,2026-04-12T23:56:31
10357986,Responsable administratif,Meknès,Nous recrutons des responsables administratifs et des...,Bac+5,A discuter,Aujourd'hui,15:30,standard,5,https://www.marocannonces.com/categorie/309/Offres-emploi/annonce/10357986/Responsable-administratif.html,2026-04-12T23:56:31
10357979,Enseignants de langues,Meknès,Un centre de langues recrute des enseignants de langues...,Bac+3,A discuter,Aujourd'hui,15:30,standard,5,https://www.marocannonces.com/categorie/309/Offres-emploi/annonce/10357979/Enseignants-de-langues.html,2026-04-12T23:56:31
10353803,Agent polyvalent / sale,Salé,Offre d’emploi – agent polyvalent (h/f)- lieu : salé...,Bac+2,3 000 - 4 000 dh,Aujourd'hui,15:30,standard,5,https://www.marocannonces.com/categorie/309/Offres-emploi/annonce/10353803/Agent-polyvalent-sale.html,2026-04-12T23:56:31
10353796,Agent polyvalent / casablanca,Casablanca,Offre d’emploi - lieu : casablanca entreprise : ameex...,Bac+2,3 000 - 4 000 dh,Aujourd'hui,15:30,standard,5,https://www.marocannonces.com/categorie/309/Offres-emploi/annonce/10353796/Agent-polyvalent-casablanca.html,2026-04-12T23:56:31
10350962,Stagiaire en controle de gestion,Temara,à propos de nous: biolife est un acteur majeur de la...,Bac+3,2 000 - 3 000 dh,Aujourd'hui,15:30,standard,5,https://www.marocannonces.com/categorie/309/Offres-emploi/annonce/10350962/Stagiaire-en-controle-de-gestion.html,2026-04-12T23:56:31
10358736,Assistante personnelle et gestion de maison À raba,Rabat,"Chef d’entreprise, personne étrangère, (une seule...",Niveau Bac,3 000 - 4 000 dh,Aujourd'hui,15:25,standard,5,https://www.marocannonces.com/categorie/309/Offres-emploi/annonce/10358736/ASSISTANTE-PERSONNELLE-ET-GESTION-DE-MAISON-À-RABA.html,2026-04-12T23:56:31
10358735,Channel manager / yield management,Marrakech,-a propos de nous : le palais mehdi est un hôtel...,Bac+5,A discuter,Aujourd'hui,15:25,standard,5,https://www.marocannonces.com/categorie/309/Offres-emploi/annonce/10358735/Channel-manager-yield-management.html,2026-04-12T23:56:31
10357190,Enseignantes 2026/2027,Marrakech,Groupe scolaire à marrakech (quartier izdihar) recrute...,Bac+2,A discuter,Aujourd'hui,15:25,standard,5,https://www.marocannonces.com/categorie/309/Offres-emploi/annonce/10357190/Enseignantes-20262027.html,2026-04-12T23:56:31
10353801,Agent polyvalent / rabat,Rabat,Offre d’emploi- lieu : rabat - agents polyvalents (h) -...,Bac+2,3 000 - 4 000 dh,Aujourd'hui,15:25,standard,5,https://www.marocannonces.com/categorie/309/Offres-emploi/annonce/10353801/Agent-polyvalent-rabat.html,2026-04-12T23:56:31
10353058,Chargé(e) administrative– tanger,Tanger,Descriptif du poste : nous sommes une entreprise...,Bac+2,A discuter,Aujourd'hui,15:20,standard,6,https://www.marocannonces.com/categorie/309/Offres-emploi/annonce/10353058/Chargé(e)-Administrative–-Tanger.html,2026-04-12T23:56:31
10353054,Conseillère commerciale (f),Casablanca,"Dans le cadre du développement de nos activités, notre...",Bac+4,A discuter,Aujourd'hui,15:20,standard,6,https://www.marocannonces.com/categorie/309/Offres-emploi/annonce/10353054/Conseillère-commerciale-(f).html,2026-04-12T23:56:31
10352192,Secrétaire médicale senior,Rabat,Nous recrutons une secrétaire médicale expérimentée pour...,Bac+4,4 000 - 6 000 dh,Aujourd'hui,15:15,standard,6,https://www.marocannonces.com/categorie/309/Offres-emploi/annonce/10352192/Secrétaire-médicale-SENIOR.html,2026-04-12T23:56:31
10357960,Magasinnier,Bouskoura,Nous recrutons un magasinier (technicien) pour rejoindre...,Bac+2,A discuter,Aujourd'hui,15:05,standard,6,https://www.marocannonces.com/categorie/309/Offres-emploi/annonce/10357960/Magasinnier.html,2026-04-12T23:56:31
10357957,Poste : chargé(e) d’administration des ventes (adv,Bouskoura,Nous recrutons un(e) assistant(e) administration des...,Bac+3,A discuter,Aujourd'hui,15:05,standard,6,https://www.marocannonces.com/categorie/309/Offres-emploi/annonce/10357957/Poste-Chargé(e)-d’Administration-des-Ventes-(ADV.html,2026-04-12T23:56:31
10356344,Assistante d'expert / marrakech,Marrakech,Dans le cadre du développement continu de notre cabinet...,Bac+2,A discuter,Aujourd'hui,15:05,standard,6,https://www.marocannonces.com/categorie/309/Offres-emploi/annonce/10356344/Assistante-dexpert-marrakech.html,2026-04-12T23:56:31
10351443,Responsable rh / serveurs / cuisinies / caissier,Rabat,Nous sommes restaurant a rabat recherche des...,Bac+2,A discuter,Aujourd'hui,15:05,standard,6,https://www.marocannonces.com/categorie/309/Offres-emploi/annonce/10351443/Responsable-rh-serveurs-cuisinies-caissier.html,2026-04-12T23:56:31
10359687,Recrutement en cours – secteur hôtellerie,Marrakech,Proman maroc recrute plusieurs profils ! dans le cadre...,Pas important,A discuter,,,standard,6,https://www.marocannonces.com/categorie/309/Offres-emploi/annonce/10359687/Recrutement-en-cours-–-Secteur-Hôtellerie.html,2026-04-12T23:56:31
10355488,Commercial terrain b2b,Casablanca,- offre d’emploi – commercial terrain b2b – construction...,,,Aujourd'hui,14:55,standard,6,https://www.marocannonces.com/categorie/309/Offres-emploi/annonce/10355488/Commercial-Terrain-B2B.html,2026-04-12T23:56:31
10357147,Responsable marketing et communication a marrakech,Marrakech,Définir et piloter la stratégie marketing et...,Bac+5,A discuter,,,standard,6,https://www.marocannonces.com/categorie/309/Offres-emploi/annonce/10357147/RESPONSABLE-MARKETING-ET-COMMUNICATION-A-MARRAKECH.html,2026-04-12T23:56:31
10353770,Recrutement plusieurs postes (transit & logistiqu,Casablanca,"Dans le cadre de son développement, moroccan freight...",Bac+3,A discuter,Aujourd'hui,14:50,standard,6,https://www.marocannonces.com/categorie/309/Offres-emploi/annonce/10353770/Recrutement-Plusieurs-postes-(Transit-et-Logistiqu.html,2026-04-12T23:56:31
10357121,Assistante administrative,Casablanca,Nous recrutons : assistante administrative (télétravail)...,Bac+2,A discuter,Aujourd'hui,14:40,standard,6,https://www.marocannonces.com/categorie/309/Offres-emploi/annonce/10357121/Assistante-administrative.html,2026-04-12T23:56:31
10352164,Commercial immobilier,Casablanca,"Dans le cadre de notre développement, nous recherchons...",Bac+2,A discuter,Aujourd'hui,14:40,standard,6,https://www.marocannonces.com/categorie/309/Offres-emploi/annonce/10352164/commercial-immobilier.html,2026-04-12T23:56:31
10355448,Comptable / mohammedia,Mohammedia,- entreprise : valvtec société spécialisée dans la...,,,Aujourd'hui,14:35,standard,6,https://www.marocannonces.com/categorie/309/Offres-emploi/annonce/10355448/Comptable-mohammedia.html,2026-04-12T23:56:31
10352161,Aide pâtissière – pâtisserie américaine,Casablanca,Présentation : nous recherchons une aide pâtissière pour...,Niveau Bac,2 000 - 3 000 dh,Aujourd'hui,14:35,standard,6,https://www.marocannonces.com/categorie/309/Offres-emploi/annonce/10352161/Aide-pâtissière-–-Pâtisserie-américaine.html,2026-04-12T23:56:31
10352159,Assistante polyvalente,Casablanca,"Dans le cadre du développement de ses activités, medata...",Bac+2,4 000 - 6 000 dh,Aujourd'hui,14:35,standard,6,https://www.marocannonces.com/categorie/309/Offres-emploi/annonce/10352159/Assistante-polyvalente.html,2026-04-12T23:56:31
10352152,Gouvernant(e) / housekeeping manager/ marrakec,Marrakech,Nous recherchons un(e) responsable housekeeping...,Bac+2,A discuter,Aujourd'hui,14:35,standard,6,https://www.marocannonces.com/categorie/309/Offres-emploi/annonce/10352152/Gouvernant(e)-housekeeping-manager-marrakec.html,2026-04-12T23:56:31
10355433,2 commis et 2 serveuses / rabat,Rabat,- nous cherchons des commis de cuisines et des serveuses...,Pas important,3 000 - 4 000 dh,Aujourd'hui,14:30,standard,6,https://www.marocannonces.com/categorie/309/Offres-emploi/annonce/10355433/2-commis-et-2-serveuses-rabat.html,2026-04-12T23:56:31
10355431,Agent polyvalent / aïn aatiq - temara,Temara,"Entreprise : ameex ameex, leader marocain de la...",Bac+2,3 000 - 4 000 dh,Aujourd'hui,14:30,standard,6,https://www.marocannonces.com/categorie/309/Offres-emploi/annonce/10355431/Agent-polyvalent-aïn-aatiq-temara.html,2026-04-12T23:56:31
10353017,Électromécanicien poids lourds,Casablanca,Leader dans le secteur de la distribution et de la...,Bac+4,A discuter,Aujourd'hui,14:25,standard,6,https://www.marocannonces.com/categorie/309/Offres-emploi/annonce/10353017/Électromécanicien-Poids-Lourds.html,2026-04-12T23:56:31
10356306,Comptable confirmé,Tanger,Nous sommes à la recherche d'un(e) comptable confirmé(e)...,Bac+5,A discuter,Aujourd'hui,14:20,standard,7,https://www.marocannonces.com/categorie/309/Offres-emploi/annonce/10356306/comptable-confirmé.html,2026-04-12T23:56:31
10357907,Recrutement d’un ingénieur hydromécanique gr et gc,Rabat,"Société basée à rabat, spécialisée dans l’importation...",Bac+5,A discuter,Aujourd'hui,14:15,standard,7,https://www.marocannonces.com/categorie/309/Offres-emploi/annonce/10357907/Recrutement-d’un-ingénieur-hydromécanique-GR-et-GC.html,2026-04-12T23:56:31
10358664,"Logisticien(ne) – stockage, flux à température con",Rabat,à propos de nous nous sommes une entreprise marocaine...,Bac+5,A discuter,Aujourd'hui,14:10,standard,7,"https://www.marocannonces.com/categorie/309/Offres-emploi/annonce/10358664/Logisticien(ne)-–-Stockage,-Flux-à-Température-Con.html",2026-04-12T23:56:31
10356293,Commercial terrain – freelance / commission élevée,Casablanca,Entreprise spécialisée dans la maintenance et réparation...,Pas important,A discuter,Aujourd'hui,14:10,standard,7,https://www.marocannonces.com/categorie/309/Offres-emploi/annonce/10356293/Commercial-Terrain-–-Freelance-Commission-élevée.html,2026-04-12T23:56:31
10350567,Offre d’emploi : assistante administrative,Rabat,"Dans le cadre du développement, notre entreprise...",Pas important,A discuter,Aujourd'hui,14:10,standard,7,https://www.marocannonces.com/categorie/309/Offres-emploi/annonce/10350567/Offre-d’emploi-Assistante-Administrative.html,2026-04-12T23:56:31
10358645,Chargée commerciale,Rabat,à propos de nous société spécialisée dans la...,Bac+5,A discuter,Aujourd'hui,14:05,standard,7,https://www.marocannonces.com/categorie/309/Offres-emploi/annonce/10358645/Chargée-Commerciale.html,2026-04-12T23:56:31
10352136,Comptable,Had Soualem,Nous recrutons un(e) comptable pour assurer la gestion...,Bac+3,A discuter,Aujourd'hui,13:55,standard,7,https://www.marocannonces.com/categorie/309/Offres-emploi/annonce/10352136/Comptable.html,2026-04-12T23:56:31
10359625,Technicien Électromécanicien – rabat & marrakech,Rabat,Technicien électromécanicien – rabat / marrakech dans...,Bac+2,A discuter,,,standard,7,https://www.marocannonces.com/categorie/309/Offres-emploi/annonce/10359625/Technicien-Électromécanicien-–-Rabat-et-Marrakech.html,2026-04-12T23:56:31
10359623,Magasinier (h/f) – rabat & marrakech,Casablanca,Magasinier (h/f) – rabat / marrakech missions...,Bac+2,A discuter,,,standard,7,https://www.marocannonces.com/categorie/309/Offres-emploi/annonce/10359623/Magasinier-(HF)-–-Rabat-et-Marrakech.html,2026-04-12T23:56:31
10359621,Technicien mécanicien – rabat & marrakech,Rabat,Technicien mécanicien – rabat / marrakech missions...,Bac+2,A discuter,,,standard,7,https://www.marocannonces.com/categorie/309/Offres-emploi/annonce/10359621/Technicien-Mécanicien-–-Rabat-et-Marrakech.html,2026-04-12T23:56:31
10359610,Techniciens electriciens - casablanca / moham,Casablanca,Notre client recrute des techniciens éléctriciens dans le...,Bac+2,A discuter,Aujourd'hui,13:50,standard,7,https://www.marocannonces.com/categorie/309/Offres-emploi/annonce/10359610/Techniciens-Electriciens-Casablanca-Moham.html,2026-04-12T23:56:31
10352132,Standardiste had soualem,Had Soualem,Nous recrutons une standardiste pour assurer l’accueil...,Bac+2,A discuter,Aujourd'hui,13:50,standard,7,https://www.marocannonces.com/categorie/309/Offres-emploi/annonce/10352132/Standardiste-Had-Soualem.html,2026-04-12T23:56:31
10357881,Aide-comptable débutant(e) sans ou avec expérience / marrakech,Marrakech,Nous sommes un cabinet de comptabilité spécialisé en...,Bac+3,A discuter,Aujourd'hui,13:45,standard,7,https://www.marocannonces.com/categorie/309/Offres-emploi/annonce/10357881/Aide-comptable-débutant(e)-sans-ou-avec-expérience-marrakech.html,2026-04-12T23:56:31
10357208,Community manager (h/f),Casablanca,Dans le cadre de la structuration de son département...,Bac+3,8 000 - 10 000 dh,Aujourd'hui,13:40,standard,7,https://www.marocannonces.com/categorie/309/Offres-emploi/annonce/10357208/Community-manager-(hf).html,2026-04-12T23:56:31
10352967,Assistant du responsable d’agence,Agadir,Entreprise : baha express (transport & logistique) 📍...,Bac+2,A discuter,Aujourd'hui,13:40,standard,7,https://www.marocannonces.com/categorie/309/Offres-emploi/annonce/10352967/Assistant-du-Responsable-d’Agence.html,2026-04-12T23:56:31
10352963,Ecole recrute directeur / directrice pédagogique,Casablanca,école maternelle et primaire cherche un(e)...,Bac+4,A discuter,Aujourd'hui,13:40,standard,7,https://www.marocannonces.com/categorie/309/Offres-emploi/annonce/10352963/Ecole-recrute-directeur-directrice-pédagogique.html,2026-04-12T23:56:31
10351353,Commerciale pour les ventes au service immobilier,Casablanca,"- recrutons jeune femme dynamique, pondérée, motivée...",Niveau Bac,4 000 - 6 000 dh,Aujourd'hui,13:40,standard,7,https://www.marocannonces.com/categorie/309/Offres-emploi/annonce/10351353/Commerciale-pour-les-Ventes-au-Service-Immobilier.html,2026-04-12T23:56:31
10357816,Agent de production - aptiv services tanger - m2,Tanger,المسؤوليات والواجبات الرئيسية: القيام بعمليات تجميع...,Pas important,3 000 - 4 000 dh,,,standard,7,https://www.marocannonces.com/categorie/309/Offres-emploi/annonce/10357816/Agent-de-production-aptiv-services-tanger-m2.html,2026-04-12T23:56:31
10356264,Comptable confirmé - marrakech,Marrakech,"Dans le cadre du renforcement de notre service financier,...",,A discuter,,,standard,7,https://www.marocannonces.com/categorie/309/Offres-emploi/annonce/10356264/Comptable-Confirmé-Marrakech.html,2026-04-12T23:56:31
10352926,Agents de saisie,Kénitra,Agents de saisie (femmes) (kénitra) entreprise :...,Bac+2,A discuter,Aujourd'hui,13:30,standard,7,https://www.marocannonces.com/categorie/309/Offres-emploi/annonce/10352926/AGENTS-DE-SAISIE.html,2026-04-12T23:56:31
10357842,Caissière/ responsable rh/ aide comptable,Temara,"Pour nos restaurans basés à harhoura et rabat hay riad,...",Bac+2,A discuter,Aujourd'hui,13:20,standard,8,https://www.marocannonces.com/categorie/309/Offres-emploi/annonce/10357842/Caissière-Responsable-RH-Aide-comptable.html,2026-04-12T23:56:31
10353709,Coordinateur de projet / support commercial (h) - casablanca,Rabat,Nous recrutons un coordinateur de projet / support...,Bac+2,A discuter,Aujourd'hui,13:15,standard,8,https://www.marocannonces.com/categorie/309/Offres-emploi/annonce/10353709/Coordinateur-de-projet-support-commercial-(h)-casablanca.html,2026-04-12T23:56:31
10352922,assistante / secrétaire médicale – casablanca,Casablanca,📢 offre d’emploi : assistante / secrétaire médicale –...,Bac+2,3 000 - 4 000 dh,Aujourd'hui,13:15,standard,8,https://www.marocannonces.com/categorie/309/Offres-emploi/annonce/10352922/Assistante-Secrétaire-médicale-–-Casablanca.html,2026-04-12T23:56:31
10350536,Technicien réseau et système / tanger,Tanger,"Une entreprise industrielle basée à tanger, spécialisée...",Bac+2,A discuter,Aujourd'hui,13:15,standard,8,https://www.marocannonces.com/categorie/309/Offres-emploi/annonce/10350536/Technicien-réseau-et-système-tanger.html,2026-04-12T23:56:31
10357060,Dessinateur charpente & beton,Casablanca,Bureau d etudes sur casablanca recrute: - dessinateur...,Bac+2,A discuter,Aujourd'hui,13:10,standard,8,https://www.marocannonces.com/categorie/309/Offres-emploi/annonce/10357060/DESSINATEUR-CHARPENTE-et-BETON.html,2026-04-12T23:56:31
10356239,Chef de partie polyvalent (h/f) - marrakech,Marrakech,Un restaurant situé à marrakech cherche à renforcer sa...,Bac+2,A discuter,Aujourd'hui,13:10,standard,8,https://www.marocannonces.com/categorie/309/Offres-emploi/annonce/10356239/Chef-de-Partie-Polyvalent-(HF)-Marrakech.html,2026-04-12T23:56:31
10353687,Chef de chantier btp,Casablanca,"Spécialisés en génie civil et tous corps d'état, notre...",Niveau Bac,4 000 - 6 000 dh,Aujourd'hui,13:10,standard,8,https://www.marocannonces.com/categorie/309/Offres-emploi/annonce/10353687/Chef-de-Chantier-BTP.html,2026-04-12T23:56:31
10357039,Agent de recouverement au sav,Rabat,Nous somme une société spécialisée dans le montage des...,Bac+2,3 000 - 4 000 dh,Aujourd'hui,13:00,standard,8,https://www.marocannonces.com/categorie/309/Offres-emploi/annonce/10357039/AGENT-DE-RECOUVEREMENT-AU-SAV.html,2026-04-12T23:56:31
10356194,Recrutement consultant(e) financier(e) confirmé,Casablanca,"Dans le cadre du renforcement de son effectif, notre...",Bac+3,A discuter,Aujourd'hui,13:00,standard,8,https://www.marocannonces.com/categorie/309/Offres-emploi/annonce/10356194/Recrutement-consultant(e)-financier(e)-confirmé.html,2026-04-12T23:56:31
10357034,Consultants comptables,Casablanca,Cabinet d'expertise comptable et d'audit basé à...,Bac+3,A discuter,Aujourd'hui,12:55,standard,8,https://www.marocannonces.com/categorie/309/Offres-emploi/annonce/10357034/Consultants-Comptables.html,2026-04-12T23:56:31
10358597,Vendeuse en parfumerie sentel fes,Fès,Sentel parfums recrute une vendeuse expérimentée pour...,Bac+2,3 000 - 4 000 dh,Aujourd'hui,12:50,standard,8,https://www.marocannonces.com/categorie/309/Offres-emploi/annonce/10358597/Vendeuse-en-Parfumerie-Sentel-Fes.html,2026-04-12T23:56:31
10358594,Vendeuse à sentel parfums agadir,Agadir,Sentel parfums recrute une vendeuse expérimentée pour...,Bac+2,3 000 - 4 000 dh,Aujourd'hui,12:45,standard,8,https://www.marocannonces.com/categorie/309/Offres-emploi/annonce/10358594/Vendeuse-à-Sentel-Parfums-Agadir.html,2026-04-12T23:56:31
10354630,Opérateur / opératrice moulage,Tanger,Société dans la zone franche de tanger cherche...,Niveau Bac,3 000 - 4 000 dh,Aujourd'hui,12:45,standard,8,https://www.marocannonces.com/categorie/309/Offres-emploi/annonce/10354630/Opérateur-Opératrice-Moulage.html,2026-04-12T23:56:31
10357817,"Directeur, Éducatrices, enseignants (es)",Casablanca,Un établissement scolaire situé à aïn sebaâ – casablanca...,,A discuter,Aujourd'hui,12:35,standard,8,"https://www.marocannonces.com/categorie/309/Offres-emploi/annonce/10357817/Directeur,-Éducatrices,-Enseignants-(es).html",2026-04-12T23:56:31
10349475,Offre d'emploi: vendeuse en boulangerie-patisserie,Casablanca,Nous recherchons une vendeuse dynamique et souriante pour...,,3 000 - 4 000 dh,Aujourd'hui,12:35,standard,8,https://www.marocannonces.com/categorie/309/Offres-emploi/annonce/10349475/OFFRE-DEMPLOI-VENDEUSE-EN-BOULANGERIE-PATISSERIE.html,2026-04-12T23:56:31
10350490,Chauffeur transport du personnel – permis d,Casablanca,Stcr recrute des chauffeurs expérimentés pour assurer le...,Pas important,3 000 - 4 000 dh,Aujourd'hui,12:30,standard,8,https://www.marocannonces.com/categorie/309/Offres-emploi/annonce/10350490/Chauffeur-Transport-du-personnel-–-Permis-D.html,2026-04-12T23:56:31
10351276,Assistante de direction,Nouaceur,-société de transport et logistique située à nouaceur...,Bac+4,A discuter,Aujourd'hui,12:25,standard,8,https://www.marocannonces.com/categorie/309/Offres-emploi/annonce/10351276/ASSISTANTE-DE-DIRECTION.html,2026-04-12T23:56:31
10357243,Société de transit à casablanca recrute,Casablanca,Une société de service basée à casablanca recherche des...,Bac+2,A discuter,Aujourd'hui,12:20,standard,8,https://www.marocannonces.com/categorie/309/Offres-emploi/annonce/10357243/Société-de-transit-à-Casablanca-recrute.html,2026-04-12T23:56:31
10350477,Femme de chambre / femme de menage,Marrakech,- nous recrutons des femmes de chambre / femmes de ménage...,,,Aujourd'hui,12:20,standard,8,https://www.marocannonces.com/categorie/309/Offres-emploi/annonce/10350477/Femme-de-chambre-femme-de-menage.html,2026-04-12T23:56:31
10352023,Chargé(e) de suivi commercial,Rabat,Nous recrutons un(e) chargé(e) de suivi commercial pour...,Bac+4,A discuter,,,standard,8,https://www.marocannonces.com/categorie/309/Offres-emploi/annonce/10352023/Chargé(e)-de-suivi-commercial.html,2026-04-12T23:56:31
10352863,Assistante administrative & chargée logistique,Kénitra,Nous recrutons une assistante administrative &...,Bac+2,A discuter,Aujourd'hui,12:10,standard,9,https://www.marocannonces.com/categorie/309/Offres-emploi/annonce/10352863/Assistante-Administrative-et-Chargée-Logistique.html,2026-04-12T23:56:31
10359197,Agent immobilier – femme / homme,Tanger,"Dans le cadre de son développement, notre agence...",,A discuter,Aujourd'hui,12:05,standard,9,https://www.marocannonces.com/categorie/309/Offres-emploi/annonce/10359197/agent-immobilier-–-Femme-Homme.html,2026-04-12T23:56:31
10358551,Assistante / coordinatrice,Casablanca,Entreprise en pleine croissance dans le secteur du...,,4 000 - 6 000 dh,Aujourd'hui,12:05,standard,9,https://www.marocannonces.com/categorie/309/Offres-emploi/annonce/10358551/Assistante-Coordinatrice.html,2026-04-12T23:56:31
10352856,Responsable magasin/h&agent polyvalent de vente/h,Berrechid,Responsable point de vente & commerce terrain -agent...,Bac+3,A discuter,Aujourd'hui,12:05,standard,9,https://www.marocannonces.com/categorie/309/Offres-emploi/annonce/10352856/Responsable-MagasinH-et-Agent-Polyvalent-de-VenteH.html,2026-04-12T23:56:31
10358555,Un/une/ réceptionniste +femme de chambre,Casablanca,"Hôtel situé à ain diab, cherche - un/une/...",Bac+2,A discuter,Aujourd'hui,12:00,standard,9,https://www.marocannonces.com/categorie/309/Offres-emploi/annonce/10358555/unune-réceptionniste-Femme-de-chambre.html,2026-04-12T23:56:31
10353652,Assistante de direction,Rabat,Offre d'emploi : assistante de direction confirmée lieu...,Bac+2,4 000 - 6 000 dh,Aujourd'hui,12:00,standard,9,https://www.marocannonces.com/categorie/309/Offres-emploi/annonce/10353652/Assistante-de-Direction.html,2026-04-12T23:56:31
10352015,Réceptionniste/serveuse/ manager/femme de chambre,Rabat,Nous sommes un groupe hôtelier située à rabat agdal et...,Bac+2,A discuter,Aujourd'hui,12:00,standard,9,https://www.marocannonces.com/categorie/309/Offres-emploi/annonce/10352015/RéceptionnisteServeuse-Managerfemme-de-chambre.html,2026-04-12T23:56:31
10351245,Assistante administrative,Casablanca,"Ste nivada industry, entreprise spécialisée dans le...",Bac+2,3 000 - 4 000 dh,Aujourd'hui,12:00,standard,9,https://www.marocannonces.com/categorie/309/Offres-emploi/annonce/10351245/Assistante-administrative.html,2026-04-12T23:56:31
10358540,Technicien maintenace (secteur agroalimentaire) - had soualem,Had Soualem,"Dans le cadre du développement de nos activités, nous...",Bac+3,A discuter,Aujourd'hui,11:55,standard,9,https://www.marocannonces.com/categorie/309/Offres-emploi/annonce/10358540/Technicien-maintenace-(secteur-agroalimentaire)-had-soualem.html,2026-04-12T23:56:31
10356076,Chef emballage (h/f),Mediouna,"Plastic up, usine de fabrication plastique située à zone...",Bac+2,A discuter,Aujourd'hui,11:55,standard,9,https://www.marocannonces.com/categorie/309/Offres-emploi/annonce/10356076/Chef-Emballage-(HF).html,2026-04-12T23:56:31
10355274,Vendeurs magasin casablanca | rabat | kénitra,Casablanca,Dans le cadre du développement de son réseau commercial...,Bac+2,,Aujourd'hui,11:55,standard,9,https://www.marocannonces.com/categorie/309/Offres-emploi/annonce/10355274/Vendeurs-Magasin-Casablanca-|-Rabat-|-Kénitra.html,2026-04-12T23:56:31
10353548,Controleur de gestion - casablanca oasis,Casablanca,"Nous recrutons un contrôleur de gestion, de formation...",Bac+5,A discuter,Aujourd'hui,11:55,standard,9,https://www.marocannonces.com/categorie/309/Offres-emploi/annonce/10353548/CONTROLEUR-DE-GESTION-CASABLANCA-OASIS.html,2026-04-12T23:56:31
10351253,Formateurs aériens / commercial,Marrakech,Nous sommes un centre de formation privé à marrakech...,Bac+3,A discuter,Aujourd'hui,11:55,standard,9,https://www.marocannonces.com/categorie/309/Offres-emploi/annonce/10351253/Formateurs-Aériens-Commercial.html,2026-04-12T23:56:31
10356963,Agent bureau d'etude specialise en aluminium,Casablanca,Société spécialise en vente d aluminium cherche un agent...,Bac+2,A discuter,Aujourd'hui,11:50,standard,9,https://www.marocannonces.com/categorie/309/Offres-emploi/annonce/10356963/AGENT-BUREAU-DETUDE-SPECIALISE-EN-ALUMINIUM.html,2026-04-12T23:56:31
10351242,Assistante commerciale / salé,Salé,"Assistante commerciale – salé la société varinox,...",Bac+2,A discuter,Aujourd'hui,11:45,standard,9,https://www.marocannonces.com/categorie/309/Offres-emploi/annonce/10351242/Assistante-commerciale-salé.html,2026-04-12T23:56:31
10350440,Assistante juridique,Casablanca,"Une grande société a casablanca, est a la recherche d'une...",Bac+3,4 000 - 6 000 dh,Aujourd'hui,11:45,standard,9,https://www.marocannonces.com/categorie/309/Offres-emploi/annonce/10350440/Assistante-juridique.html,2026-04-12T23:56:31
10359602,Animateur scolaire (h/f) - casablanca,Casablanca,Nous recrutons pour le compte de notre client opérant...,Bac+2,A discuter,,,standard,9,https://www.marocannonces.com/categorie/309/Offres-emploi/annonce/10359602/Animateur-Scolaire-(HF)-Casablanca.html,2026-04-12T23:56:31
10359601,Bobineur- nouaceur (sapino),Nouaceur,Nous recrutons pour le compte de notre client opérateur...,Bac+2,A discuter,,,standard,9,https://www.marocannonces.com/categorie/309/Offres-emploi/annonce/10359601/BOBINEUR-NOUACEUR-(SAPINO).html,2026-04-12T23:56:31
10359600,Electricien batiment – nouaceur (sapino),Nouaceur,"Nous recrutons, pour le compte de notre client opérant...",Bac+2,A discuter,,,standard,9,https://www.marocannonces.com/categorie/309/Offres-emploi/annonce/10359600/ELECTRICIEN-BATIMENT-–-NOUACEUR-(SAPINO).html,2026-04-12T23:56:31
10359605,Pompiste - casablanca,Casablanca,Nous recrutons pour notre client des pompistes pour une...,Niveau Bac,A discuter,Aujourd'hui,11:40,standard,9,https://www.marocannonces.com/categorie/309/Offres-emploi/annonce/10359605/Pompiste-CASABLANCA.html,2026-04-12T23:56:31
10358519,Responsable maintenance (had soualem),Had Soualem,"Dans le cadre du développement de nos activités, nous...",Bac+3,A discuter,Aujourd'hui,11:35,standard,10,https://www.marocannonces.com/categorie/309/Offres-emploi/annonce/10358519/Responsable-maintenance-(had-soualem).html,2026-04-12T23:56:31
10353505,Chimiste formulateur en cosmetique,Casablanca,Chimiste formulateur en cosmétique - casablanca...,Bac+2,A discuter,Aujourd'hui,11:35,standard,10,https://www.marocannonces.com/categorie/309/Offres-emploi/annonce/10353505/CHIMISTE-FORMULATEUR-EN-COSMETIQUE.html,2026-04-12T23:56:31
10353619,Chargé(e) de projet événementiel,Rabat,"En tant que chargé(e) de projet événementiel, vous...",Bac+5,A discuter,,,standard,10,https://www.marocannonces.com/categorie/309/Offres-emploi/annonce/10353619/Chargé(e)-de-projet-événementiel.html,2026-04-12T23:56:31
10353569,Secrétaire / assistante de direction,Fès,"Dans le cadre du développement de notre entreprise, coval...",Bac+2,A discuter,Aujourd'hui,11:25,standard,10,https://www.marocannonces.com/categorie/309/Offres-emploi/annonce/10353569/secrétaire-assistante-de-direction.html,2026-04-12T23:56:31
10356122,Administration des ventes,Casablanca,- administration des ventes (adv) – casablanca société...,Bac+2,6 000 - 8 000 dh,Aujourd'hui,11:20,standard,10,https://www.marocannonces.com/categorie/309/Offres-emploi/annonce/10356122/Administration-des-ventes.html,2026-04-12T23:56:31
10352791,Comptable confirmée,Casablanca,Cabinet d'expertise comptable au centre ville de...,Bac+5,A discuter,Aujourd'hui,11:20,standard,10,https://www.marocannonces.com/categorie/309/Offres-emploi/annonce/10352791/Comptable-confirmée.html,2026-04-12T23:56:31
10350420,English teacher position available,Tanger,"Our school is looking for an english teacher for 1st ,2nd...",Bac+3,A discuter,Aujourd'hui,11:20,standard,10,https://www.marocannonces.com/categorie/309/Offres-emploi/annonce/10350420/English-Teacher-position-available.html,2026-04-12T23:56:31
10355216,Declarant en douane expérimenté,Tanger,Recrute un(e) déclarant expérimenté description du...,Bac+5,A discuter,Aujourd'hui,11:15,standard,10,https://www.marocannonces.com/categorie/309/Offres-emploi/annonce/10355216/declarant-en-douane-expérimenté.html,2026-04-12T23:56:31
10351959,Chargé(e) e-commerce,Tanger,Nous recrutons un(e) chargé(e) e-commerce pour...,Bac+2,A discuter,Aujourd'hui,11:15,standard,10,https://www.marocannonces.com/categorie/309/Offres-emploi/annonce/10351959/Chargé(e)-e-commerce.html,2026-04-12T23:56:31
10355206,Assistante polyvalente btp – casablanca,Casablanca,Nous recrutons une assistante polyvalente pour rejoindre...,Bac+2,A discuter,Aujourd'hui,11:10,standard,10,https://www.marocannonces.com/categorie/309/Offres-emploi/annonce/10355206/Assistante-Polyvalente-BTP-–-Casablanca.html,2026-04-12T23:56:31
10357728,Dessinatrice expérimentée,Casablanca,"Modulart industrie bois, spécialisée dans la fabrication...",Bac+5,6 000 - 8 000 dh,Aujourd'hui,11:00,standard,10,https://www.marocannonces.com/categorie/309/Offres-emploi/annonce/10357728/Dessinatrice-expérimentée.html,2026-04-12T23:56:31
10350398,Vendeuse (f),Casablanca,"La société lelu optic, spécialisée dans le domaine de...",Bac+2,A discuter,Aujourd'hui,11:00,standard,10,https://www.marocannonces.com/categorie/309/Offres-emploi/annonce/10350398/Vendeuse-(f).html,2026-04-12T23:56:31
10350368,Assistante commerciale | dar bouaazza,Casablanca,"Sahara mobilier, spécialisée dans la fabrication et la...",Bac+2,A discuter,Aujourd'hui,10:55,standard,10,https://www.marocannonces.com/categorie/309/Offres-emploi/annonce/10350368/Assistante-Commerciale-|-Dar-Bouaazza.html,2026-04-12T23:56:31
10357709,Dessinateur bim / revit — agence d'architecte,Casablanca,On recrute — dessinateur·trice bim / revit atelier g ·...,Bac+3,6 000 - 8 000 dh,Aujourd'hui,10:50,standard,10,https://www.marocannonces.com/categorie/309/Offres-emploi/annonce/10357709/Dessinateur-BIM-Revit-—-Agence-darchitecte.html,2026-04-12T23:56:31
10356879,Operateur de traitement des donnees a rabat,Rabat,Nous recrutons des opérateurs de traitement des données à...,Bac+2,A discuter,Aujourd'hui,10:50,standard,10,https://www.marocannonces.com/categorie/309/Offres-emploi/annonce/10356879/OPERATEUR-DE-TRAITEMENT-DES-DONNEES-A-RABAT.html,2026-04-12T23:56:31
10355179,Chargée administration des ventes adv,Casablanca,Nous recherchons un(e) chargé(e) de facturation adv pour...,Bac+3,A discuter,Aujourd'hui,10:50,standard,10,https://www.marocannonces.com/categorie/309/Offres-emploi/annonce/10355179/Chargée-Administration-des-ventes-ADV.html,2026-04-12T23:56:31
10352758,Commercial concepteur/trice,Marrakech,Nous recherchons pour notre showroom à marrakech dans le...,Bac+4,Plus de 10 000 dh,Aujourd'hui,10:50,standard,10,https://www.marocannonces.com/categorie/309/Offres-emploi/annonce/10352758/Commercial-Concepteurtrice.html,2026-04-12T23:56:31
10357708,Gestionnaire ressources humaines,Rabat,Nous recrutons une gestionnaire des ressources...,Bac+2,A discuter,Aujourd'hui,10:45,standard,10,https://www.marocannonces.com/categorie/309/Offres-emploi/annonce/10357708/Gestionnaire-ressources-humaines.html,2026-04-12T23:56:31
10355163,Technicien(ne) batiment metreur,Temara,Entreprise de construction et d'aménagement basée à...,Bac+2,A discuter,Aujourd'hui,10:45,standard,10,https://www.marocannonces.com/categorie/309/Offres-emploi/annonce/10355163/TECHNICIEN(NE)-BATIMENT-METREUR.html,2026-04-12T23:56:31
10355148,Directeur & professeurs de lycée,Casablanca,- undirecteur(trice) pedagogique : • niveau d’étude...,,A discuter,Aujourd'hui,10:40,standard,10,https://www.marocannonces.com/categorie/309/Offres-emploi/annonce/10355148/Directeur-et-professeurs-de-lycée.html,2026-04-12T23:56:31
